venture,create_date_short,product_id,product_name,seller_name,review_status,rating,product_rating,seller_rating,logistics_rating,review_content,upvotes,downvotes,image_1,image_2,image_3,image_4,image_5,image_6,image_count
BD,2026-02-22 00:00:00,531144210.0,realme C71 6GB/128GB | 6300mAh Battery + 45W Fast Charge | 120Hz & IP64 Dust & Water Resistance,Daraz Retail Seller,approved,5.0,5.0,5.0,5.0,ধন্যবাদ দরাজ কে দুই দিনের ভিতরে ডেলিভারি পেলাম,0.0,0.0,\N,\N,\N,\N,\N,\N,0.0
BD,2026-01-12 00:00:00,531144210.0,realme C71 6GB/128GB | 6300mAh Battery + 45W Fast Charge | 120Hz & IP64 Dust & Water Resistance,Daraz Retail Seller,approved,5.0,5.0,5.0,5.0,best deal,0.0,0.0,\N,\N,\N,\N,\N,\N,0.0
PK,2026-07-21 00:00:00,1957624004.0,Oppo A6 8GB / 128GB,Daraz Retail Seller,approved,5.0,5.0,5.0,5.0,nice brande great product I will buy it again..,0.0,0.0,\N,\N,\N,\N,\N,\N,0.0
BD,2025-08-17 00:00:00,531144210.0,realme C71 6GB/128GB | 6300mAh Battery + 45W Fast Charge | 120Hz & IP64 Dust & Water Resistance,Daraz Retail Seller,approved,5.0,5.0,5.0,5.0,"price is low, good product",1.0,0.0,\N,\N,\N,\N,\N,\N,0.0
BD,2026-03-12 00:00:00,545526612.0,"Realme Note 70 4/128GB | 6.7"" 90Hz Display | 6300 mAh Massive Battery | 13/5MP Camera | Drop & Water Resistance",Daraz Retail Seller,approved,5.0,5.0,5.0,5.0,ধন্যবাদ দারাজকে,0.0,0.0,\N,\N,\N,\N,\N,\N,0.0
BD,2026-03-05 00:00:00,573750739.0,Honor Pad X8a Wifi (4GB+128GB) | Snapdragon 680 | 8300mAh Battery | Official,Daraz Retail Seller,approved,4.0,4.0,4.0,4.0,ট্যাবটি 15 দিন চালিয়ে পরে রিভিউ দিচ্ছি মোটামুটি ভালোই পারফরম্যান্স দিচ্ছে এই পর্যন্ত কোন লেগ দেখছি না। একদিনের ভিতর হাতে পেয়েছি। সাউন্ড কোয়ালিটি এবং ডিসপ্লে কোয়ালিটি খুবই ভালো। আপনারা চাইলে নিতে পারেন।,18.0,0.0,https://lzd-u.slatic.net/01d4bf3979a1448d8dec0ca553e44880_f982b58be6c84eb3b01722d05a00179a.jpg,https://lzd-u.slatic.net/01d4bf3979a1448d8dec0ca553e44880_b3dcc881e9494c16b048cd8ab7c6ff27.jpg,https://lzd-u.slatic.net/01d4bf3979a1448d8dec0ca553e44880_34934ba902a748cf96cacc03951007bb.jpg,,,,3.0
BD,2025-11-21 00:00:00,531144210.0,realme C71 6GB/128GB | 6300mAh Battery + 45W Fast Charge | 120Hz & IP64 Dust & Water Resistance,Daraz Retail Seller,approved,5.0,5.0,5.0,5.0,Good,1.0,0.0,\N,\N,\N,\N,\N,\N,0.0
BD,2026-04-30 00:00:00,531144210.0,realme C71 6GB/128GB | 6300mAh Battery + 45W Fast Charge | 120Hz & IP64 Dust & Water Resistance,Daraz Retail Seller,approved,5.0,5.0,5.0,5.0,mobile ta use kortesi 3 din holo. amar kachy valo mony hoy nai hang kore 1st er din theky. totally unsatisfied with this mobile,0.0,0.0,\N,\N,\N,\N,\N,\N,0.0
BD,2025-07-25 00:00:00,531144210.0,realme C71 6GB/128GB | 6300mAh Battery + 45W Fast Charge | 120Hz & IP64 Dust & Water Resistance,Daraz Retail Seller,approved,5.0,5.0,5.0,5.0,its Only 20 hr to delivery,0.0,0.0,\N,\N,\N,\N,\N,\N,0.0
BD,2025-11-21 00:00:00,531144210.0,realme C71 6GB/128GB | 6300mAh Battery + 45W Fast Charge | 120Hz & IP64 Dust & Water Resistance,Daraz Retail Seller,approved,5.0,5.0,5.0,5.0,আলহামদুলিল্লাহ সবই ঠিক ছিল। ধন্যবাদ সেলার এবং দারাজকে।,5.0,0.0,https://lzd-u.slatic.net/e5119dabebdf43d89f476bb65e4968ac_7bc6e4d91da9477e97c5d7d0910d6fd7.jpg,,,,,,1.0
BD,2026-02-17 00:00:00,531144210.0,realme C71 6GB/128GB | 6300mAh Battery + 45W Fast Charge | 120Hz & IP64 Dust & Water Resistance,Daraz Retail Seller,approved,5.0,5.0,5.0,5.0,10দিন পর ডেলিভারি পেলাম ধন্যবাদ দারাজ কে,0.0,0.0,\N,\N,\N,\N,\N,\N,0.0
BD,2025-11-30 00:00:00,545526612.0,"Realme Note 70 4/128GB | 6.7"" 90Hz Display | 6300 mAh Massive Battery | 13/5MP Camera | Drop & Water Resistance",Daraz Retail Seller,approved,5.0,5.0,5.0,5.0,Good product recommendations for everyone,1.0,0.0,\N,\N,\N,\N,\N,\N,0.0
BD,2025-09-07 00:00:00,545526612.0,"Realme Note 70 4/128GB | 6.7"" 90Hz Display | 6300 mAh Massive Battery | 13/5MP Camera | Drop & Water Resistance",Daraz Retail Seller,approved,5.0,5.0,5.0,5.0,\N,0.0,0.0,\N,\N,\N,\N,\N,\N,0.0
PK,2026-07-22 00:00:00,1952495864.0,Xiaomi Pad 7 8GB + 256GB,Daraz Retail Seller,approved,5.0,5.0,5.0,5.0,\N,0.0,0.0,\N,\N,\N,\N,\N,\N,0.0
PK,2026-07-13 00:00:00,1949186689.0,Xiaomi POCO C85,Daraz Retail Seller,approved,5.0,5.0,5.0,5.0,Content:genuine\n Subcategory:original \n Depth:okay,0.0,0.0,\N,\N,\N,\N,\N,\N,0.0
BD,2026-02-10 00:00:00,545526612.0,"Realme Note 70 4/128GB | 6.7"" 90Hz Display | 6300 mAh Massive Battery | 13/5MP Camera | Drop & Water Resistance",Daraz Retail Seller,approved,5.0,5.0,5.0,5.0,\N,0.0,0.0,\N,\N,\N,\N,\N,\N,0.0
PK,2025-09-16 00:00:00,775235805.0,Samsung Galaxy A26 8/256GB,Daraz Retail Seller,approved,5.0,5.0,5.0,5.0,\N,0.0,0.0,\N,\N,\N,\N,\N,\N,0.0
BD,2026-05-04 00:00:00,545526612.0,"Realme Note 70 4/128GB | 6.7"" 90Hz Display | 6300 mAh Massive Battery | 13/5MP Camera | Drop & Water Resistance",Daraz Retail Seller,approved,5.0,5.0,5.0,5.0,good products,0.0,0.0,\N,\N,\N,\N,\N,\N,0.0
BD,2025-11-09 00:00:00,545526612.0,"Realme Note 70 4/128GB | 6.7"" 90Hz Display | 6300 mAh Massive Battery | 13/5MP Camera | Drop & Water Resistance",Daraz Retail Seller,approved,0.0,\N,\N,\N,Just very good love it,0.0,0.0,\N,\N,\N,\N,\N,\N,0.0
BD,2026-06-05 00:00:00,573405510.0,Infinix NOTE Edge 8/128GB | 1.5K 3D curved Display | 6500mAh Ultra-Slim Battery | MTK D7100 5G,Daraz Retail Seller,approved,5.0,5.0,5.0,5.0,good,1.0,0.0,\N,\N,\N,\N,\N,\N,0.0
BD,2026-09-07 00:00:00,545526612.0,"Realme Note 70 4/128GB | 6.7"" 90Hz Display | 6300 mAh Massive Battery | 13/5MP Camera | Drop & Water Resistance",Daraz Retail Seller,approved,5.0,5.0,5.0,5.0,ধন্যবাদ,0.0,0.0,\N,\N,\N,\N,\N,\N,0.0
BD,2026-06-06 00:00:00,563818818.0,"Samsung Galaxy A07 4/64GB|6.5"" HD+ Display",Daraz Retail Seller,approved,5.0,5.0,5.0,5.0,\N,0.0,0.0,\N,\N,\N,\N,\N,\N,0.0
BD,2026-09-18 00:00:00,1581057605.0,"Realme C100i 4/128GB Smartphone – 7000mAh Battery, HD+ Display – Official Warranty",Daraz Retail Seller,approved,5.0,5.0,5.0,5.0,Good product Good product Good product,0.0,0.0,https://lzd-u.slatic.net/b40e76d436f14827a801441c127af3c0_7_1789711527.386251.jpg,,,,,,1.0
PK,2026-04-27 00:00:00,937481203.0,Samsung Galaxy S25 FE 8GB+256GB,Daraz Retail Seller,approved,0.0,\N,\N,\N,"Thank you for your feedback. We’re glad you received your Samsung S25FE, but we’re sorry for the delay in receiving the discount voucher. We understand this caused inconvenience after your purchase. Your concern has been noted and will be reviewed for better timing and coordination in future offers. We appreciate you bringing this to our attention.",0.0,0.0,\N,\N,\N,\N,\N,\N,0.0
BD,2026-05-26 00:00:00,1581326067.0,"realme C100i 4/64GB Smartphone – 7000mAh Battery, HD+ Display – Official Warranty",Daraz Retail Seller,approved,5.0,5.0,5.0,5.0,\N,0.0,0.0,\N,\N,\N,\N,\N,\N,0.0
PK,2026-07-28 00:00:00,1952702462.0,Infinix Note Edge 8GB / 256GB,Daraz Retail Seller,approved,5.0,5.0,5.0,5.0,very good product,0.0,0.0,\N,\N,\N,\N,\N,\N,0.0
PK,2026-07-05 00:00:00,916096591.0,Tecno Camon 40 Pro 8GB+256GB PTA APPROVED,Daraz Retail Seller,approved,5.0,5.0,5.0,5.0,very nice 💯 product good delivery thanks daraz,0.0,0.0,https://lzd-u.slatic.net/3b893f95d2874a8ca270e1ca12bd57ae_1eee0ce0a4204d8584363ebd15f79f8d.jpg,,,,,,1.0
PK,2026-06-16 00:00:00,916096591.0,Tecno Camon 40 Pro 8GB+256GB PTA APPROVED,Daraz Retail Seller,approved,5.0,5.0,5.0,5.0,\N,0.0,0.0,\N,\N,\N,\N,\N,\N,0.0
PK,2026-05-04 00:00:00,895971141.0,Realme GT7 12GB RAM 512GB ROM - PTA APPROVED,Daraz Retail Seller,approved,5.0,5.0,5.0,5.0,"Received quickly. Awesome phone. Very responsive as expected. If you have targeted this phone after R&D based on your specific requirements, do not hesitate to buy. It's totally worth it. I have been using it for almost 2 months now and has never disappointed in any segment. You'll feel like carrying a premium powerhouse in your pocket.",0.0,0.0,\N,\N,\N,\N,\N,\N,0.0
BD,2025-12-31 00:00:00,565606624.0,OPPO A6x 4GB/64GB + Free Gift Cap | Snapdragon 685 | 2 Years Warranty,Daraz Retail Seller,approved,5.0,5.0,5.0,5.0,"this is very good product, full ok and",0.0,1.0,https://lzd-u.slatic.net/e627c400bbe64636a1f6cfa12ab5a725_e2eec2897e80415f968c7bce9055e50e.jpg,,,,,,1.0
BD,2026-06-14 00:00:00,545526612.0,"Realme Note 70 4/128GB | 6.7"" 90Hz Display | 6300 mAh Massive Battery | 13/5MP Camera | Drop & Water Resistance",Daraz Retail Seller,approved,5.0,5.0,5.0,5.0,Good,0.0,0.0,\N,\N,\N,\N,\N,\N,0.0
BD,2026-08-29 00:00:00,1573292783.0,Infinix Smart 20 | 4/64 GB Storage | 7.7mm Slim | Official Warranty,Daraz Retail Seller,approved,5.0,5.0,5.0,5.0,\N,0.0,0.0,\N,\N,\N,\N,\N,\N,0.0
PK,2025-09-30 00:00:00,775235805.0,Samsung Galaxy A26 8/256GB,Daraz Retail Seller,approved,5.0,5.0,5.0,5.0,\N,0.0,0.0,\N,\N,\N,\N,\N,\N,0.0
PK,2026-07-12 00:00:00,1957791130.0,Infinix Smart 20 4GB / 128GB,Daraz Retail Seller,approved,5.0,5.0,5.0,5.0,\N,0.0,0.0,\N,\N,\N,\N,\N,\N,0.0
BD,2026-09-16 00:00:00,1581326067.0,"Realme C100i 4/64GB Smartphone – 7000mAh Battery, HD+ Display – Official Warranty + Free World Cup Cap",Daraz Retail Seller,approved,0.0,\N,\N,\N,Original phone...Thanks daraz... Gift deynai,0.0,0.0,\N,\N,\N,\N,\N,\N,0.0
PK,2026-07-09 00:00:00,924762805.0,Samsung Galaxy A17 8GB + 256 GB,Daraz Retail Seller,approved,5.0,5.0,5.0,5.0,original product at low cost.\npakaging was safe.\ntimely delivered.\nthanks daraz,0.0,0.0,\N,\N,\N,\N,\N,\N,0.0
PK,2026-07-05 00:00:00,924762805.0,Samsung Galaxy A17 8GB + 256 GB,Daraz Retail Seller,approved,5.0,5.0,5.0,5.0,Excellent,0.0,0.0,\N,\N,\N,\N,\N,\N,0.0
PK,2026-06-18 00:00:00,924762805.0,Samsung Galaxy A17 8GB + 256 GB,Daraz Retail Seller,approved,5.0,5.0,5.0,5.0,It's a very good mobile and they delivered on time. Their service is very good...👍,0.0,0.0,\N,\N,\N,\N,\N,\N,0.0
PK,2025-08-26 00:00:00,895971141.0,Realme GT7 12GB RAM 512GB ROM,Daraz Retail Seller,approved,1.0,1.0,1.0,1.0,not recommend.\nNON PTA.,8.0,0.0,https://lzd-u.slatic.net/e0a042f7882e485da4e31e64b625a5ad_081ba39dad684ce6b4af8922f48c8cba.jpg,https://lzd-u.slatic.net/ff7a020897ef4e8aa72a129d5833eccd_af97dedf31654ef0a63bf9ec013f4a91.jpg,,,,,2.0
PK,2026-02-10 00:00:00,775235805.0,Samsung Galaxy A26 8/256GB - PTA APPROVED,Daraz Retail Seller,approved,5.0,5.0,5.0,5.0,seller didn't send the charger and back cover of the mobile\n\n,0.0,0.0,\N,\N,\N,\N,\N,\N,0.0
BD,2026-02-18 00:00:00,565606624.0,OPPO A6x 4GB/64GB | Snapdragon 685 | 2 Years Warranty,Daraz Retail Seller,approved,5.0,5.0,5.0,5.0,\N,0.0,0.0,\N,\N,\N,\N,\N,\N,0.0
PK,2026-05-20 00:00:00,775235805.0,Samsung Galaxy A26 8/256GB - PTA APPROVED,Daraz Retail Seller,approved,5.0,5.0,5.0,5.0,excellent service,0.0,0.0,\N,\N,\N,\N,\N,\N,0.0
PK,2026-06-09 00:00:00,916096591.0,Tecno Camon 40 Pro 8GB+256GB PTA APPROVED,Daraz Retail Seller,approved,5.0,5.0,5.0,5.0,product is same As shown\n,0.0,0.0,\N,\N,\N,\N,\N,\N,0.0
PK,2026-01-25 00:00:00,916096591.0,Tecno Camon 40 Pro 8GB+256GB PTA APPROVED,Daraz Retail Seller,approved,5.0,5.0,5.0,5.0,good,0.0,0.0,\N,\N,\N,\N,\N,\N,0.0
BD,2026-07-12 00:00:00,1581057605.0,"Realme C100i 4/128GB Smartphone – 7000mAh Battery, HD+ Display – Official Warranty + Free World Cup Cap",Daraz Retail Seller,approved,5.0,5.0,1.0,4.0,ফোন ঠিকঠাক পেয়েছি কিন্তু সাথে যে গিফট ক্যাপ দেওয়ার কথা ছিলো সেটা দেওয়া হয়নি। বিজ্ঞাপনের গিফট অফারের সাথে বাস্তবের মিল পেলাম না,3.0,0.0,https://lzd-u.slatic.net/cef9ba63902148468a53ef4abff3b336_351276fbb8f949b190bce45dca5d2ca7.jpg,,,,,,1.0
PK,2026-06-11 00:00:00,932541571.0,Redmi A5 4GB+128GB - PTA APPROVED,Daraz Retail Seller,approved,5.0,5.0,5.0,5.0,بہت اچھا اوریجنل ریڈمی فلیگ شپ سٹور سے موبائل ریسیور ہوا، ڈسکاؤنٹ کے ساتھ۔ دراز کی سروس 5 سال سے استعمال کر ریا ہوا الحمدللہ میں 100 فیصد مطمئن ہوں، جہاں کہیں کوئی آئٹم فالٹی موصول ہوا دراز نے واپس کیا، میرا یہ آلموسٹ 100 کے قریب صرف موبائل کا آرڈر ہو گا۔کبھی کوئی مسئلہ پیش نہیں آیا۔,1.0,0.0,https://lzd-u.slatic.net/ff63de8850994c67bfc9058d1421257e_c195515bba0e41e08e83743a1cf89707.jpg,https://lzd-u.slatic.net/63bc607c083e4420a83d75e963993b22_babe1160420a4678b19669b869f3a349.jpg,https://lzd-u.slatic.net/63bc607c083e4420a83d75e963993b22_2c99e5a250d14bbfae76b77a47a46f1e.jpg,https://lzd-u.slatic.net/63bc607c083e4420a83d75e963993b22_0b872d6960f140f0aec2c3553111a092.jpg,https://lzd-u.slatic.net/63bc607c083e4420a83d75e963993b22_a299410ae38b4711b81e41c905487804.jpg,,5.0
PK,2026-08-03 00:00:00,932541571.0,Redmi A5 4GB+128GB - PTA APPROVED,Daraz Retail Seller,approved,5.0,5.0,5.0,5.0,vip,0.0,0.0,\N,\N,\N,\N,\N,\N,0.0
PK,2026-08-19 00:00:00,932541571.0,Redmi A5 4GB+128GB - PTA APPROVED,Daraz Retail Seller,approved,5.0,5.0,5.0,5.0,Bhut zabardast phone hai masha allah.. thank you seller thank you daraz,0.0,0.0,https://lzd-u.slatic.net/bf97f021b344402a8ddd1e608d7493b0_4c14bfa334d04e9d8ec50250b7ce954e.jpg,,,,,,1.0
PK,2025-10-25 00:00:00,916122027.0,Infinix Hot 60 Pro 8GB+128GB,Daraz Retail Seller,approved,5.0,5.0,5.0,5.0,Daraz & Trust goes together.\nGot the order quickly & safely.\nFound the product as advertised.\nNo issues in device.\nNot to mention got the best price.,2.0,0.0,https://lzd-u.slatic.net/07028611c8804170a619e0d17430deb9_f52fa01ba75d40149e23bc658e3af129.jpg,,,,,,1.0
PK,2026-07-18 00:00:00,1957775261.0,Apple iPhone 17 - 256 GB + 20W Free Charger,Daraz Retail Seller,approved,5.0,5.0,5.0,5.0,"Awesome and fast delivery, Lowest price from open market PTA approved",3.0,0.0,\N,\N,\N,\N,\N,\N,0.0
PK,2026-06-08 00:00:00,916096591.0,Tecno Camon 40 Pro 8GB+256GB PTA APPROVED,Daraz Retail Seller,approved,5.0,5.0,5.0,5.0,\N,0.0,0.0,\N,\N,\N,\N,\N,\N,0.0
PK,2026-07-18 00:00:00,916096591.0,Tecno Camon 40 Pro 8GB+256GB PTA APPROVED,Daraz Retail Seller,approved,5.0,5.0,5.0,5.0,Subcategory:good,0.0,0.0,\N,\N,\N,\N,\N,\N,0.0
PK,2026-03-24 00:00:00,916096591.0,Tecno Camon 40 Pro 8GB+256GB PTA APPROVED,Daraz Retail Seller,approved,5.0,5.0,5.0,5.0,\N,0.0,0.0,\N,\N,\N,\N,\N,\N,0.0
PK,2026-03-26 00:00:00,924762805.0,Samsung Galaxy A17 8GB + 256 GB,Daraz Retail Seller,approved,5.0,5.0,5.0,5.0,original👌👍,0.0,0.0,\N,\N,\N,\N,\N,\N,0.0
BD,2026-07-30 00:00:00,545526612.0,"Realme Note 70 4/128GB | 6.7"" 90Hz Display | 6300 mAh Massive Battery | 13/5MP Camera | Drop & Water Resistance",Daraz Retail Seller,approved,5.0,5.0,5.0,5.0,\N,0.0,0.0,\N,\N,\N,\N,\N,\N,0.0
BD,2026-07-24 00:00:00,1575545670.0,Xiaomi Redmi Note 15 ৬জিবি/১২৮জিবি | অফিসিয়াল + ফ্রি ব্যাগ,Daraz Retail Seller,approved,5.0,5.0,5.0,5.0,\N,0.0,0.0,\N,\N,\N,\N,\N,\N,0.0
PK,2025-08-30 00:00:00,895973213.0,Realme GT7 Dream Edition 16GB RAM 512GB ROM,Daraz Retail Seller,approved,0.0,\N,\N,\N,"Dear Customer, Thank you very much for your kind review! We are glad that you are satisfied with the quality and services. Would be great if you could also tell friends and family of your good experience! Would mean a lot to us.",0.0,0.0,\N,\N,\N,\N,\N,\N,0.0
PK,2026-06-17 00:00:00,916096591.0,Tecno Camon 40 Pro 8GB+256GB PTA APPROVED,Daraz Retail Seller,approved,5.0,5.0,5.0,5.0,\N,0.0,0.0,\N,\N,\N,\N,\N,\N,0.0
PK,2026-05-22 00:00:00,916096591.0,Tecno Camon 40 Pro 8GB+256GB PTA APPROVED,Daraz Retail Seller,approved,5.0,5.0,5.0,5.0,Good Product,0.0,0.0,\N,\N,\N,\N,\N,\N,0.0
PK,2026-06-09 00:00:00,775235805.0,Samsung Galaxy A26 8/256GB - PTA APPROVED,Daraz Retail Seller,approved,5.0,5.0,5.0,5.0,\N,0.0,0.0,\N,\N,\N,\N,\N,\N,0.0
PK,2026-09-09 00:00:00,924762805.0,Samsung Galaxy A17 8GB + 256 GB,Daraz Retail Seller,approved,5.0,5.0,5.0,5.0,ok hy,0.0,0.0,\N,\N,\N,\N,\N,\N,0.0
PK,2026-05-10 00:00:00,924783262.0,Samsung Galaxy A17 6GB + 128GB PTA APPROVED,Daraz Retail Seller,approved,0.0,\N,\N,\N,Samsung Galaxy A17 6GB + 128GB PTA APPROVED,0.0,0.0,\N,\N,\N,\N,\N,\N,0.0
PK,2026-04-04 00:00:00,937481203.0,Samsung Galaxy S25 FE 8GB+256GB,Daraz Retail Seller,approved,5.0,5.0,5.0,5.0,Excellent packaging. Super efficient delivery by Daraz team. Brand New Phone with official Samsung Warrany. Totally Satisfied with this purchase and seller.,1.0,0.0,https://lzd-u.slatic.net/26b631de713f434c818dbbc68884249f_acac982d2cce454291cb8454e4986335.jpg,https://lzd-u.slatic.net/f00f659b17034b3eb82bf8dd84aca1f5_7c7391a6d4684f0b8597f25e88d3ef84.jpg,,,,,2.0
PK,2026-04-26 00:00:00,775235805.0,Samsung Galaxy A26 8/256GB - PTA APPROVED,Daraz Retail Seller,approved,1.0,1.0,1.0,1.0,"Intehai ghatiya phone hy koi b pese zaaya na kary apny, kuch din huy hen use karty hoy itna heat up hota hy k phone pakra ni jaata, normal phone use karty huy b bht heat up ho jaata, pathetic experience with Samsung Product & also Daraz return policy",0.0,0.0,https://lzd-u.slatic.net/e5ca900189ca462187196756957aa28a_2f8b02a90cea410785067f308cba5de3.jpg,,,,,,1.0
BD,2026-08-27 00:00:00,1583008431.0,টেকনো মেগাপ্যাড এসই ট্যাবলেট (৪জিবি/১২৮জিবি) | ১০.৯৫ ইঞ্চি এফএইচডি+ ডিসপ্লে | কোয়াড স্পিকার | ৭০৪০ এমএএইচ ব্যাটারি | অফিসিয়াল ওয়ারেন্টি,Daraz Retail Seller,approved,5.0,5.0,5.0,5.0,It is a good tablet for Regular use.,0.0,0.0,\N,\N,\N,\N,\N,\N,0.0
BD,2026-09-11 00:00:00,1584093210.0,Infinix Smart 20 | 4/128 GB Storage | 7.7mm Slim | Official Inactive,Daraz Retail Seller,approved,5.0,5.0,5.0,5.0,good product good product good product,0.0,0.0,https://lzd-u.slatic.net/b0ac6ecb035b4564ba477799e00878bb_a8e6c84179144df28869100a8827766c.jpg,,,,,,1.0
BD,2026-09-08 00:00:00,563818818.0,"Samsung Galaxy A07 4/64GB | 6.5"" HD+ Display | Official Warranty",Daraz Retail Seller,approved,5.0,5.0,5.0,5.0,ok ok okay okay okay okay okay okay okay,0.0,0.0,https://lzd-u.slatic.net/71644f4305e54d12bb3c5411059cef9f_bf7dc2646dbe45d8846efbbe0e0d6b40.jpg,,,,,,1.0
PK,2025-11-14 00:00:00,924786211.0,Samsung Galaxy A07 6GB+128GB,Daraz Retail Seller,approved,5.0,5.0,5.0,5.0,\N,0.0,0.0,\N,\N,\N,\N,\N,\N,0.0
PK,2026-08-21 00:00:00,781674228.0,Samsung Galaxy A56 12/256GB - PTA APPROVED,Daraz Retail Seller,approved,5.0,5.0,5.0,5.0,love this phone. the 12 gb RAM is noticeable. it handles multitasking really well.,0.0,0.0,\N,\N,\N,\N,\N,\N,0.0
PK,2026-05-18 00:00:00,924783262.0,Samsung Galaxy A17 6GB + 128GB PTA APPROVED,Daraz Retail Seller,approved,5.0,5.0,5.0,5.0,Quick delivery,0.0,0.0,https://lzd-u.slatic.net/6386e15bcfef4853b8a9ba766a6af7f5_ae1d6c08f3dd4798ba70c62665fb2041.jpg,https://lzd-u.slatic.net/66e90b6dd9a54f4cbfd512d32f0c8ffe_0552ea96f7b54f21b2719b7ac46319bf.jpg,https://lzd-u.slatic.net/66e90b6dd9a54f4cbfd512d32f0c8ffe_cb59892653d04b5aa7ae3595ba18f650.jpg,,,,3.0
PK,2025-12-14 00:00:00,924783262.0,Samsung Galaxy A17 6GB + 128GB PTA APPROVED,Daraz Retail Seller,approved,0.0,\N,\N,\N,"Dear Customer, Thank you very much for your kind review! We are glad that you are satisfied with the quality and services. Would be great if you could also tell friends and family of your good experience! Would mean a lot to us.",0.0,0.0,\N,\N,\N,\N,\N,\N,0.0
PK,2026-03-23 00:00:00,924783262.0,Samsung Galaxy A17 6GB + 128GB PTA APPROVED,Daraz Retail Seller,approved,1.0,3.0,1.0,5.0,"received box pack, but I am unable to use the food panda voucher of Rs4000 available as Gift Card in the food panda app. whenever I try to pay with gift card so the order does not get confirmed, then I have to pay with my credit/debit card. kindly guide when this issue will be resolved",0.0,0.0,\N,\N,\N,\N,\N,\N,0.0
PK,2026-04-05 00:00:00,916096591.0,Tecno Camon 40 Pro 8GB+256GB PTA APPROVED,Daraz Retail Seller,approved,5.0,5.0,5.0,5.0,received on time... \noriginal product... \ncheaper than market...,1.0,1.0,https://lzd-u.slatic.net/7a6264e2bc4f409bb2b202def907e64c_85c282bc132f4918a9aca45fbad595f6.jpg,,,,,,1.0
BD,2025-11-13 00:00:00,561201488.0,realme C85 Pro 6GB/128GB + Free Bag | Online Exclusive,Daraz Retail Seller,approved,5.0,5.0,5.0,5.0,\N,0.0,0.0,\N,\N,\N,\N,\N,\N,0.0
PK,2026-08-21 00:00:00,1957791130.0,Infinix Smart 20 4GB / 128GB,Daraz Retail Seller,approved,5.0,5.0,5.0,5.0,excellent and good 😊👍,0.0,0.0,\N,\N,\N,\N,\N,\N,0.0
PK,2026-02-05 00:00:00,916096591.0,Tecno Camon 40 Pro 8GB+256GB PTA APPROVED,Daraz Retail Seller,approved,5.0,5.0,5.0,5.0,verry good fone,0.0,0.0,https://lzd-u.slatic.net/d92e9a729a294924848978ed0b4faa05_60a3f94c3be14df6bc60bbf90ce8bd69.jpg,,,,,,1.0
PK,2026-06-14 00:00:00,916096591.0,Tecno Camon 40 Pro 8GB+256GB PTA APPROVED,Daraz Retail Seller,approved,5.0,5.0,5.0,5.0,Content:best\n Subcategory:best phone ever\n Depth:best\n over all teek hy best hy,0.0,0.0,https://lzd-u.slatic.net/8103b1cef39a4f50a181c847ce441bb3_7b92636553674f9cb4e4f54305ababd0.jpg,https://lzd-u.slatic.net/8103b1cef39a4f50a181c847ce441bb3_905742276e7c42f1baf17acbe6af2464.jpg,,,,,2.0
PK,2026-04-18 00:00:00,924786211.0,Samsung Galaxy A07 6GB+128GB PTA APPROVED,Daraz Retail Seller,approved,3.0,3.0,3.0,3.0,As a previously lenovo realme user I'll give my honest review. the ios of Samsung is different and honestly i don't like it lack so many features like screenshot with hand gesture. \nthe camera of this phone is average and its okay. what i don't like is less sharpness of screen. Its too dim for a middle age person like me. it doesn't matter if i maximise the brightness the sceeen display is not sharpe\nOther things like hardware and Samsung free updates make it nicer one but its an average phone but j guess this is what you'll get for less than 50k now in Pakistan.,1.0,0.0,https://lzd-u.slatic.net/0412c963628e47a58724bb01039d1104_a3966372912641c2bf26626eb2e86a57.jpg,,,,,,1.0
BD,2026-08-26 00:00:00,1584941447.0,Xiaomi Air Fryer Essential 6 Liter | UK 1550W | Official Warranty,Daraz Retail Seller,approved,5.0,5.0,5.0,5.0,\N,0.0,0.0,\N,\N,\N,\N,\N,\N,0.0
PK,2026-07-06 00:00:00,924759919.0,Samsung Galaxy A07 4GB+128GB - PTA APPROVED,Daraz Retail Seller,approved,5.0,5.0,5.0,5.0,nice original mobile\n Content:100\n Subcategory:100\n Depth:200,0.0,0.0,https://lzd-u.slatic.net/bc6d3692ee5a4aebb9b2584c14dd2b85_2eac8ecc64bc4e1eae5ffed9f8ba711a.jpg,https://lzd-u.slatic.net/c7687dad375e42e586461f925bc31dc7_adff405b793c4d4ea4b1c915d4dda5cc.jpg,https://lzd-u.slatic.net/bc6d3692ee5a4aebb9b2584c14dd2b85_915f709b66674bff8a89eda082c22098.jpg,,,,3.0
PK,2026-06-15 00:00:00,924759919.0,Samsung Galaxy A07 4GB+128GB - PTA APPROVED,Daraz Retail Seller,approved,4.0,4.0,4.0,4.0,\N,0.0,0.0,\N,\N,\N,\N,\N,\N,0.0
PK,2025-09-16 00:00:00,895971141.0,Realme GT7 12GB RAM 512GB ROM,Daraz Retail Seller,approved,1.0,5.0,1.0,5.0,Content:Excellent\n Subcategory:Very nice\n Depth:Very good\n Realme GT7 in this price flagship spec & official PTA approved but device activate kernay Kay bad warranty date expire show kerra hai. see in pic\n,3.0,1.0,https://lzd-u.slatic.net/7fce956810ba4b4b8022d398438ebfd6_dc7ebda963f94c3d92cd7dad54a2067c.jpg,https://lzd-u.slatic.net/a5cec8c6673a40e2959cdb2db58819fd_b251d170cac64c6581a0ece2435cb02c.jpg,https://lzd-u.slatic.net/5ca7bfb63bbd430ca19c56cd95c9a8d8_7b911dc49d3e442ab8acc1d3f0b56a3a.jpg,,,,3.0
PK,2026-05-25 00:00:00,924783262.0,Samsung Galaxy A17 6GB + 128GB PTA APPROVED,Daraz Retail Seller,approved,5.0,5.0,5.0,5.0,Phone was packed by bubble wrap and authentic.,0.0,0.0,https://lzd-u.slatic.net/bb55db071b8548e4a09fd35fb6a94023_8f09de9998014b82aa20283517f1909f.jpg,https://lzd-u.slatic.net/bb55db071b8548e4a09fd35fb6a94023_a6f51f3375ba4e94a31c37a9f276316e.jpg,https://lzd-u.slatic.net/bb55db071b8548e4a09fd35fb6a94023_342d030fd157470c8b9851ec21cdb4e2.jpg,,,,3.0
PK,2026-06-05 00:00:00,916111041.0,Tecno SPARK 40 Pro Plus 8GB+256GB PTA APPROVED,Daraz Retail Seller,approved,5.0,5.0,5.0,5.0,Thanx for daraz . Behtreen packing and safely pakaging kay sath received hua ..,0.0,0.0,https://lzd-u.slatic.net/dc5afa8bea824b499fd997ff6b0f2124_e1dffa7ed08340f5952849682870c194.jpg,,,,,,1.0
PK,2026-02-23 00:00:00,916111041.0,Tecno SPARK 40 Pro Plus 8GB+256GB PTA APPROVED,Daraz Retail Seller,approved,5.0,5.0,5.0,5.0,good,0.0,0.0,\N,\N,\N,\N,\N,\N,0.0
PK,2026-08-08 00:00:00,916111041.0,Tecno SPARK 40 Pro Plus 8GB+256GB PTA APPROVED,Daraz Retail Seller,approved,5.0,5.0,5.0,5.0,good packing,0.0,0.0,\N,\N,\N,\N,\N,\N,0.0
PK,2026-04-14 00:00:00,781674228.0,Samsung Galaxy A56 12/256GB - PTA APPROVED,Daraz Retail Seller,approved,5.0,5.0,5.0,5.0,"overall satisfaction, quick delivery",0.0,0.0,https://lzd-u.slatic.net/be60971fb9354935b148a09a4948fb51_1a10acf1646247d29821f7fd0e9e5c2b.jpg,https://lzd-u.slatic.net/be60971fb9354935b148a09a4948fb51_101ec3894d5e4aa6be7a3b8fa5282471.jpg,,,,,2.0
PK,2026-05-18 00:00:00,924759919.0,Samsung Galaxy A07 4GB+128GB - PTA APPROVED,Daraz Retail Seller,approved,5.0,5.0,5.0,5.0,mashAllah good,0.0,0.0,\N,\N,\N,\N,\N,\N,0.0
PK,2026-04-25 00:00:00,1947937840.0,Samsung Galaxy S26 Ultra - 256 GB,Daraz Retail Seller,approved,0.0,\N,\N,\N,"Dear Customer, The policy is buy 4, get 1 free gift if the stock is available. So when you placed the order, the free gift was out of stock; hence, you did not get any.",0.0,0.0,\N,\N,\N,\N,\N,\N,0.0
PK,2026-02-24 00:00:00,924762805.0,Samsung Galaxy A17 8GB + 256 GB,Daraz Retail Seller,approved,5.0,5.0,5.0,5.0,10 on 10 very fast delivery less than 24 hours\n\ngenuine product 100% original PTA approved,4.0,0.0,https://lzd-u.slatic.net/1f4e124aeea64a7c9351cf676d595974_47569b0baef6477da547a2ddfda0c730.jpg,https://lzd-u.slatic.net/1f4e124aeea64a7c9351cf676d595974_17022879ee3d4e428b58250e04693c6a.jpg,,,,,2.0
PK,2025-08-03 00:00:00,781654754.0,Samsung Galaxy A56 8/256GB,Daraz Retail Seller,approved,5.0,5.0,5.0,5.0,"I like the mobile, it's a new design and model. delivered on time and safely . Thanks Daraz !",1.0,0.0,https://lzd-u.slatic.net/8a07a68279de4ae68290d6e937528a1d_3fb79ed80d45472a8e13d16125b36ff8.jpg,https://lzd-u.slatic.net/8a07a68279de4ae68290d6e937528a1d_7e341cb53d774e9facccf275995d73e7.jpg,,,,,2.0
PK,2026-06-08 00:00:00,1957775263.0,Apple iPhone 17 Pro Max - 512GB,Daraz Retail Seller,approved,5.0,5.0,5.0,5.0,Super Quality with a gift of charger,18.0,0.0,\N,\N,\N,\N,\N,\N,0.0
BD,2026-06-13 00:00:00,562364259.0,HONOR X7d 8/256GB | 6500mAh Dual-cell Battery | Official,Daraz Retail Seller,approved,5.0,5.0,5.0,5.0,good products,0.0,0.0,\N,\N,\N,\N,\N,\N,0.0
PK,2026-08-06 00:00:00,916111041.0,Tecno SPARK 40 Pro Plus 8GB+256GB PTA APPROVED,Daraz Retail Seller,approved,5.0,5.0,5.0,5.0,awsome fon working smooth and curved slim amoled display,0.0,0.0,\N,\N,\N,\N,\N,\N,0.0
PK,2026-08-28 00:00:00,924762805.0,Samsung Galaxy A17 8GB + 256 GB,Daraz Retail Seller,approved,5.0,5.0,5.0,5.0,"Good product, good packing and delivery but I consider it late (6 days)",0.0,0.0,\N,\N,\N,\N,\N,\N,0.0
BD,2026-09-07 00:00:00,538990085.0,HONOR X6c 6/128GB | 5300mAh & 35W Large Battery | Official,Daraz Retail Seller,approved,5.0,5.0,5.0,5.0,tnx,0.0,0.0,\N,\N,\N,\N,\N,\N,0.0
PK,2026-05-25 00:00:00,920388148.0,Samsung Galaxy S25 FE 8GB+512GB 5G PTA APPROVED,Daraz Retail Seller,approved,5.0,5.0,5.0,5.0,"Excellent experience overall. Delivery was extremely quick, and the product was received in perfect condition. The Samsung Samsung Galaxy S25 FE is 100% authentic with original packaging, everything exactly as described. Very satisfied with the purchase and the service.",0.0,0.0,\N,\N,\N,\N,\N,\N,0.0
PK,2026-08-20 00:00:00,1948224278.0,Tecno Spark GO 3 4/64,Daraz Retail Seller,approved,5.0,5.0,5.0,5.0,\N,0.0,0.0,\N,\N,\N,\N,\N,\N,0.0
PK,2026-08-26 00:00:00,924762805.0,Samsung Galaxy A17 8GB + 256 GB,Daraz Retail Seller,approved,5.0,5.0,5.0,5.0,best mobile..,0.0,0.0,\N,\N,\N,\N,\N,\N,0.0
PK,2026-04-29 00:00:00,924762805.0,Samsung Galaxy A17 8GB + 256 GB,Daraz Retail Seller,approved,5.0,5.0,5.0,5.0,2nd Phone from them super fast delivery,0.0,0.0,https://lzd-u.slatic.net/7b590c21c80f436f92d44826e8124c11_257a1776d7f04ffba71717145e574b08.jpg,,,,,,1.0
