record_id,retrieval_date,published_at,country,platform,monitor_type,account_name,account_type,category,topic,brand,title,content,content_summary,why_it_matters,business_impact,topic_tags,views,views_status,likes,source_url,media_type,media_url,translation_status,quality_status
BD-FB-20261002-80fa6f48,2026-10-05,2026-10-02T06:00:08Z,BD,Facebook,watchlist,realme,Brand,Mobile,Mobile device and product development,realme,The All-Round Durable Champion has arrived!,"The All-Round Durable Champion has arrived! Meet realme C100, featuring a massive 8000mAh Titan Battery, IP69 Pro Water Resistance, and smooth performance, built to keep up with your everyday adventures. One Champion. All-Round Confidence. Pera Nai Chill! To Know More Details: https://www.realme.com/bd/realme-c100 #realmeC100 #allrounddurablechampion #peranaichill #realmeBD","The All-Round Durable Champion has arrived! Meet realme C100, featuring a massive 8000mAh Titan Battery, IP69 Pro Water Resistance, and smooth performance, built to keep up with your everyday adventures.","This may inform device assortment, pricing, positioning, and launch planning in Bangladesh. The precise business effect should be validated against primary market data.",Product; Pricing; Brand,mobile;product,,platform_unavailable,17000,https://facebook.com/realmeBD/posts/pfbid02ekRD3z2VjZxjRTf1QkBxFcdc9phx8Ue1PuF4A1FEnZFjZrLF9f9VkdHnPWjhbvZel,carousel,https://scontent-nrt6-1.xx.fbcdn.net/v/t39.99422-6/830564340_1764836678176291_1157388635182492604_n.png,original_english,dashboard_ready
BD-FB-20261004-b820a1b3,2026-10-05,2026-10-04T04:05:57Z,BD,Facebook,watchlist,XIAOMI,Brand,Mobile,Mobile device and product development,XIAOMI,Built for the long run.,"Built for the long run. Backed for 2 years. The REDMI Note 17 Pro Max 5G comes with 2 Years Extended Warranty, giving you added assurance to keep going mAhximum. Learn more: https://www.mi.com/bd/product/redmi-note-17-pro-max-5g/ #REDMINote17ProMax5G #LivemAhximum #XiaomiBangladesh",Built for the long run. Backed for 2 years.,"This may inform device assortment, pricing, positioning, and launch planning in Bangladesh. The precise business effect should be validated against primary market data.",Product; Pricing; Brand,mobile;product,,platform_unavailable,328,https://facebook.com/XiaomiBangladesh/posts/pfbid0jdAUbuwAiTVFGfP2rtdQzUzD5ct6JwmCdLwcD78aM97GMETvmkpJjSRxUch3aG78l,carousel,https://scontent-nrt1-1.xx.fbcdn.net/v/t39.99422-6/831279144_1787158585646343_8656882876746421044_n.png,original_english,dashboard_ready
BD-FB-20260930-2f85faa6,2026-10-05,2026-09-30T09:31:29Z,BD,Facebook,watchlist,OPPO,Brand,Mobile,Brand campaign or consumer activation,OPPO,Congratulations to Our Lucky Winners!,"Congratulations to Our Lucky Winners! The Reno15 F Carnival celebration is getting more exciting every day! A special shoutout to our lucky winners for making their Reno15 F journey even more exciting! Your Reno. Your Chance. Your Win! Stay tuned for more exciting moments, fun activities, and amazing surprises with OPPO Reno15 F! #OPPOReno15Series #OPPOAIPhone",Congratulations to Our Lucky Winners! The Reno15 F Carnival celebration is getting more exciting every day!,"This may inform device assortment, pricing, positioning, and launch planning in Bangladesh. The precise business effect should be validated against primary market data.",Brand; Marketing,brand;campaign,,platform_unavailable,30,https://facebook.com/OPPOBangladesh/posts/pfbid02PoWQuyJQVrCD9S2AB3HpPbRiiLonJapdGppBxxDq1GbdxLxwxUaG2CQuT7Gn8Gayl,carousel,https://scontent-nrt1-1.xx.fbcdn.net/v/t39.99422-6/830927385_1105056372027788_8730157470528017900_n.png,original_english,dashboard_ready
BD-FB-20261001-02df17c9,2026-10-05,2026-10-01T12:14:55Z,BD,Facebook,watchlist,OPPO,Brand,Mobile,Brand campaign or consumer activation,OPPO,"More than an event, it was a collection of perspectives at BUP.","More than an event, it was a collection of perspectives at BUP. From the lens to the canvas, OPPO presents Sfuron 6.0 brought together creators who see the world in their own way. Here are some moments captured along the way. #OPPOxBUP","More than an event, it was a collection of perspectives at BUP. From the lens to the canvas, OPPO presents Sfuron 6.0 brought together creators who see the world in their own way.","This may inform device assortment, pricing, positioning, and launch planning in Bangladesh. The precise business effect should be validated against primary market data.",Brand; Marketing,brand;campaign,,platform_unavailable,42,https://facebook.com/OPPOBangladesh/posts/pfbid02QnJDQbQK65WSDZo4K7Ha37fRMciY2LcWA5jDQZn4hkZTZ1eZTtynak63ba8BLUozl,carousel,https://scontent-nrt6-1.xx.fbcdn.net/v/t39.99422-6/829104705_1642187990570478_5762978402724029937_n.png,original_english,dashboard_ready
BD-FB-20261005-90297853,2026-10-05,2026-10-05T05:48:37Z,BD,Facebook,watchlist,Infinix,Brand,Mobile,Mobile device and product development,Infinix,The HOT70 Series × Free Fire brings Dynamic Shine Design with Color Changing Tech to every battle.,MY COLOR. MY STYLE. MY BATTLE. The HOT70 Series × Free Fire brings Dynamic Shine Design with Color Changing Tech to every battle. #InfinixBangladesh #Infinix #HOT70Series #FreeFire,MY COLOR. MY STYLE.,"This may inform device assortment, pricing, positioning, and launch planning in Bangladesh. The precise business effect should be validated against primary market data.",Product; Pricing; Brand,mobile;product,,platform_unavailable,43,https://facebook.com/InfinixBangladesh/posts/pfbid0wcPuY6aSiTFLokegq9HxMp3uXyg3CP3H2jRZFx2MGQJ3xvevdAr1SHpU3g2LvHRrl,image,https://scontent-nrt6-1.xx.fbcdn.net/v/t39.99422-6/835358221_1477242874451237_9066194373417638203_n.png,original_english,dashboard_ready
BD-FB-20261004-f6fc7f3f,2026-10-05,2026-10-04T05:58:03Z,BD,Facebook,watchlist,TECNO,Brand,Mobile,Mobile device and product development,TECNO,3 days of freedom on a single charge.,"3 days of freedom on a single charge. With TECNO #POVACurve2_5G, 8000mAh battery keeps up with your day, delivering up to 3 days of use, 103.4 hours of music, 65 hours of WhatsApp and 18.8 hours of gaming on a single charge. Now available nationwide at: TECNO POVA Curve 2 5G (256+8GB) – BDT 36,999 + VAT TECNO POVA Curve 2 5G (128+8GB) – BDT 34,999 + VAT Don't miss out, Hurry up! #TECNO #TECNOAI","3 days of freedom on a single charge. With TECNO #POVACurve2_5G, 8000mAh battery keeps up with your day, delivering up to 3 days of use, 103.4 hours of music, 65 hours of WhatsApp and 18.8 hours of gaming on a single charge.","This may inform device assortment, pricing, positioning, and launch planning in Bangladesh. The precise business effect should be validated against primary market data.",Product; Pricing; Brand,mobile;product,,platform_unavailable,317,https://facebook.com/TECNOMobileBangladesh/posts/pfbid0mKEYvg3gZ1Fk4v16Hjj2kd5tE6NDhkdWsrCcK94JuRFe8n6byWaok29Ah6naD3bJl,image,https://scontent-nrt6-1.xx.fbcdn.net/v/t39.99422-6/833785804_1633519348488145_8974233286710398956_n.png,original_english,dashboard_ready
BD-FB-20260930-9b9a59f5,2026-10-05,2026-09-30T09:01:14Z,BD,Facebook,watchlist,Samsung,Brand,Mobile,Mobile device and product development,Samsung,"Capture every smile, every color and every detail with the Galaxy A57 5G’s 12MP Front Camera.","Capture every smile, every color and every detail with the Galaxy A57 5G’s 12MP Front Camera.","Capture every smile, every color and every detail with the Galaxy A57 5G’s 12MP Front Camera. The post was published by Samsung.","This may inform device assortment, pricing, positioning, and launch planning in Bangladesh. The precise business effect should be validated against primary market data.",Product; Pricing; Brand,mobile;product,,platform_unavailable,3200,https://facebook.com/photo?fbid=1557439136425601,image,https://scontent-nrt1-1.xx.fbcdn.net/v/t39.99422-6/828662873_1770390744109433_6009087529545844067_n.png,original_english,dashboard_ready
PK-FB-20261005-f7ce540b,2026-10-05,2026-10-05T11:00:19Z,PK,Facebook,watchlist,WhatMobile Pakistan,News / Media,Mobile,Mobile device and product development,Honor,Honor’s the only company bold enough to put a rear screen on a budget phone.,"https://www.whatmobile.com.pk/honor-x5ds-unveiled-with-rear-mini-display-50mp-camera-6000mah-battery-news-7512 Honor’s the only company bold enough to put a rear screen on a budget phone. So we are not surprised. They did it with the Play 20A as well. Honor X5ds is a new phone from the same species, though it looks a bit more sophisticated. The Honor X5ds also has some internal upgrades. #whatmobile #honor #honorx5ds #reardisplay #50mpcamera #6000mahbattery",https://www.whatmobile.com.pk/honor-x5ds-unveiled-with-rear-mini-display-50mp-camera-6000mah-battery-news-7512 Honor’s the only company bold enough to put a rear screen on a budget phone. So we are not surprised.,"This may inform device assortment, pricing, positioning, and launch planning in Pakistan. The precise business effect should be validated against primary market data.",Product; Pricing; Brand,mobile;product,,platform_unavailable,43,https://facebook.com/WhatMobile.com.pk/posts/pfbid0D7JesUhZZDFFJHUVK2a9Ep6bLqZWmx3r321ckXqdeoHRVyp53W1Y7nvkD6BcXeQ1l,image,https://scontent-nrt6-1.xx.fbcdn.net/v/t39.99422-6/838765288_1579573663374491_77120095425596612_n.png,original_english,dashboard_ready
PK-FB-20261004-35e2f251,2026-10-05,2026-10-04T13:36:42Z,PK,Facebook,watchlist,TECNO,Brand,Mobile,Mobile device and product development,TECNO,Portrait-style bokeh but make it wildlife.,"Portrait-style bokeh but make it wildlife. 100mm | f/2.4 | Sharp subject, creamy background, all from your pocket. That's the #CAMON50Pro. Share us your best zoom shots and tag us. #TECNO #ShotonCAMON #CAMON50Pro #CAMON50Series #ZoomInSnapJoy","Portrait-style bokeh but make it wildlife. 100mm | f/2.4 | Sharp subject, creamy background, all from your pocket.","This may inform device assortment, pricing, positioning, and launch planning in Pakistan. The precise business effect should be validated against primary market data.",Product; Pricing; Brand,mobile;product,,platform_unavailable,32,https://facebook.com/TecnoMobilePakistan/posts/pfbid0iNRtDheAafodCUBSSquYJc6VYKtMJAL2QSg2rKR6qafZRKoWPA52Bpb7nzB568ySl,image,https://scontent-nrt1-1.xx.fbcdn.net/v/t39.99422-6/834903654_28534568012904068_2532775752648496165_n.png,original_english,dashboard_ready
PK-FB-20261004-ba1b1169,2026-10-05,2026-10-04T12:35:45Z,PK,Facebook,watchlist,TECNO,Brand,Mobile,Mobile device and product development,TECNO,"Falling leaves, crisp air, and winter whispering at the door.","Falling leaves, crisp air, and winter whispering at the door. Show us the moments you've captured this season. Tag us or drop your favorite shot below! #TECNO #ShotonCAMON #CAMON50Pro #CAMON50Series #ZoomInSnapJoy","Falling leaves, crisp air, and winter whispering at the door. Show us the moments you've captured this season.","This may inform device assortment, pricing, positioning, and launch planning in Pakistan. The precise business effect should be validated against primary market data.",Product; Pricing; Brand,mobile;product,,platform_unavailable,48,https://facebook.com/TecnoMobilePakistan/posts/pfbid0yBFx2iWw7t9EZFPjuE42Sf7NCFkPEqE4jvZjzdckFJx1NMFF7zcHHBvLN8Wk4grYl,carousel,https://scontent-nrt1-1.xx.fbcdn.net/v/t39.99422-6/838091077_3598851026957905_3759193659726967638_n.png,original_english,dashboard_ready
PK-FB-20261005-fd2ed25d,2026-10-05,2026-10-05T12:39:02Z,PK,Facebook,watchlist,XIAOMI,Brand,Mobile,Mobile device and product development,XIAOMI,"Every detail in focus, every frame full of life .","Every detail in focus, every frame full of life #REDMINote15Pro. From portrait close-ups to wide scenic shots, bring your memories to life with pro-grade camera precision. Buy now: Xiaomi Sale: https://tinyurl.com/mrykhc6z Mistore: https://tinyurl.com/ynr89vcb Corecart: https://tinyurl.com/3fyfz7f6","Every detail in focus, every frame full of life #REDMINote15Pro. From portrait close-ups to wide scenic shots, bring your memories to life with pro-grade camera precision.","This may inform device assortment, pricing, positioning, and launch planning in Pakistan. The precise business effect should be validated against primary market data.",Product; Pricing; Brand,mobile;product,,platform_unavailable,20,https://facebook.com/XiaomiPakistan/posts/pfbid024xRYRUAASjyaCcbh8Djhqge6SAq7NfwNNSUNfHNx89dn2y2zUL6K8TkbaK6S3UdYl,image,https://scontent-nrt1-1.xx.fbcdn.net/v/t39.99422-6/836299104_2099171050730232_7654887469486097853_n.png,original_english,dashboard_ready
PK-FB-20261002-c8a04370,2026-10-05,2026-10-02T12:25:55Z,PK,Facebook,watchlist,Nubia,Brand,Brand / Marketing,Brand channel or marketplace expansion,Nubia,nubia is now officially online on Daraz!,"nubia is now officially online on Daraz! Discover authentic nubia smartphones, now just a few clicks away. #nubia #nubiaPakistan #DarazPakistan #nubiaOfficialStore #ZTESmartphone","nubia is now officially online on Daraz! Discover authentic nubia smartphones, now just a few clicks away.","This may inform campaign timing, brand positioning, and competitive response in Pakistan. The precise business effect should be validated against primary market data.",Brand; Marketing,brand;channel;marketplace,,platform_unavailable,76,https://facebook.com/nubia.pakistan/posts/pfbid02x6niALGapd2Lb5FmJSYqQAKi2o4g5e1pQb2HEHViNKYmn16wuPPkRFMxpi83rPLel,image,https://scontent-nrt1-2.xx.fbcdn.net/v/t39.99422-6/831254279_2160586391335768_7869174408676113183_n.png,original_english,dashboard_ready
PK-FB-20261005-55cbe2ba,2026-10-05,2026-10-05T05:42:54Z,PK,Facebook,watchlist,realme,Brand,Mobile,Mobile device and product development,realme,", with a Massive 6300mAh Battery and Military Grade Shock Resistance, is Available Now!","#realmeNote80, with a Massive 6300mAh Battery and Military Grade Shock Resistance, is Available Now! - 6300mAh Massive Battery - Military-Grade Shock Resistance - ArmorShe||™ Protection - 48 Month Fluency - 7.94mm Ultra Slim Design - IP54 Water & Dust Resistance - 90Hz Eye Comfort Display - NEXT Al Features realme Note 80 4+64GB - Available Now at PKR 42,999 in Glacier Blue & Storm Black at stores nationwide. Learn More: realme.com/pk/realme-note-80 #realmeNote80 #BuiltToughRunsSmooth #realmePakistan","#realmeNote80, with a Massive 6300mAh Battery and Military Grade Shock Resistance, is Available Now! - 6300mAh Massive Battery - Military-Grade Shock Resistance - ArmorShe||™ Protection - 48 Month Fluency - 7.94mm Ultra Slim Design - IP54 Water & Dust Resistance - 90Hz Eye Comfort Display - NEXT Al Features realme Note 80 4+64GB - Available Now at PKR 42,999 in Glacier Blue & Storm Black at stores nationwide.","This may inform device assortment, pricing, positioning, and launch planning in Pakistan. The precise business effect should be validated against primary market data.",Product; Pricing; Brand,mobile;product,,platform_unavailable,209,https://facebook.com/Pakistanrealme/posts/pfbid02a16hZphZUWaEfNZ1ydEbt8Vf5SjgpHx9uuipScTKEqcbuWEALmnT32DxnBmtAT5vl,carousel,https://scontent-nrt6-1.xx.fbcdn.net/v/t51.82787-15/836759886_18228136141327764_2199635666133921830_n.jpg,original_english,dashboard_ready
